{
  "menu": [
    {
      "url": "/",
      "name": "Home",
      "icon": "menu-icon tf-icons mdi mdi-home-outline",
      "slug": "pages-home"
    },
    {
      "url": "/page-2",
      "icon": "menu-icon tf-icons mdi mdi-file-document-outline",
      "name": "Page 2",
      "slug": "pages-page-2"
    },
    {
      "url": "/pages/misc-error",
      "name": "Error",
      "icon": "menu-icon tf-icons mdi mdi-alert-circle-outline",
      "slug": "pages-misc-error",
      "target": "_blank"
    },
    {
      "url": "/auth/login-basic",
      "name": "Login",
      "icon": "menu-icon tf-icons mdi mdi-login",
      "slug": "auth-login-basic",
      "target": "_blank"
    },
    {
      "url": "/auth/register-basic",
      "name": "Register",
      "icon": "menu-icon tf-icons mdi mdi-account-outline",
      "slug": "auth-register-basic",
      "target": "_blank"
    }
  ]
}